{
    "headers": {
        "User-Agent": "sentinelhub-py/v3.0.2"
    },
    "payload": null,
    "timestamp": "2020-04-30T11:44:41.998431",
    "url": "https://services.sentinel-hub.com/ogc/wms/4c5ae9e5-c214-40e3-abf5-74cea4ef4ed2?SERVICE=wms&WARNINGS=False&MAXCC=100.0&BBOX=-14.20428015816881%2C-75.64164955317383%2C-14.201527268326426%2C-75.63832124398837&FORMAT=image%2Fpng&CRS=EPSG%3A4326&TIME=2018-05-21T15%3A21%3A14%2F2018-05-21T15%3A21%3A14&WIDTH=512&HEIGHT=437&LAYERS=NDVI&REQUEST=GetMap&VERSION=1.3.0"
}