{
    "headers": {
        "User-Agent": "sentinelhub-py/v3.0.2"
    },
    "payload": null,
    "timestamp": "2020-04-30T11:33:34.245042",
    "url": "https://services.sentinel-hub.com/ogc/wms/4c5ae9e5-c214-40e3-abf5-74cea4ef4ed2?SERVICE=wms&WARNINGS=False&MAXCC=100.0&BBOX=-14.20155933262638%2C-75.64565052221766%2C-14.198802571721302%2C-75.64231663022875&FORMAT=image%2Fpng&CRS=EPSG%3A4326&TIME=2019-04-11T15%3A42%3A13%2F2019-04-11T15%3A42%3A13&WIDTH=512&HEIGHT=436&LAYERS=NDVI&REQUEST=GetMap&VERSION=1.3.0"
}