{
    "headers": {
        "User-Agent": "sentinelhub-py/v3.0.2"
    },
    "payload": null,
    "timestamp": "2020-04-30T11:39:46.518760",
    "url": "https://services.sentinel-hub.com/ogc/wms/4c5ae9e5-c214-40e3-abf5-74cea4ef4ed2?SERVICE=wms&WARNINGS=False&MAXCC=100.0&BBOX=-14.203383890611855%2C-75.64498414018%2C-14.20062882414364%2C-75.64164955317383&FORMAT=image%2Fpng&CRS=EPSG%3A4326&TIME=2017-10-18T15%3A20%3A32%2F2017-10-18T15%3A20%3A32&WIDTH=512&HEIGHT=436&LAYERS=NDVI&REQUEST=GetMap&VERSION=1.3.0"
}