{
    "headers": {
        "User-Agent": "sentinelhub-py/v3.0.2"
    },
    "payload": null,
    "timestamp": "2020-04-30T11:37:31.403970",
    "url": "https://services.sentinel-hub.com/ogc/wms/4c5ae9e5-c214-40e3-abf5-74cea4ef4ed2?SERVICE=wms&WARNINGS=False&MAXCC=100.0&BBOX=-14.202454024468352%2C-75.64231663022875%2C-14.199701335951724%2C-75.63898926117189&FORMAT=image%2Fpng&CRS=EPSG%3A4326&TIME=2019-03-22T15%3A31%3A39%2F2019-03-22T15%3A31%3A39&WIDTH=512&HEIGHT=437&LAYERS=NDVI&REQUEST=GetMap&VERSION=1.3.0"
}