{
    "headers": {
        "User-Agent": "sentinelhub-py/v3.0.2"
    },
    "payload": null,
    "timestamp": "2020-04-30T11:49:42.968853",
    "url": "https://services.sentinel-hub.com/ogc/wms/4c5ae9e5-c214-40e3-abf5-74cea4ef4ed2?SERVICE=wms&WARNINGS=False&MAXCC=100.0&BBOX=-14.20521201651521%2C-75.64431888131925%2C-14.202454024468352%2C-75.64098212423809&FORMAT=image%2Fpng&CRS=EPSG%3A4326&TIME=2018-11-27T15%3A26%3A54%2F2018-11-27T15%3A26%3A54&WIDTH=512&HEIGHT=436&LAYERS=NDVI&REQUEST=GetMap&VERSION=1.3.0"
}