{
    "headers": {
        "User-Agent": "sentinelhub-py/v3.0.2"
    },
    "payload": null,
    "timestamp": "2020-04-30T11:28:18.515487",
    "url": "https://services.sentinel-hub.com/ogc/wms/4c5ae9e5-c214-40e3-abf5-74cea4ef4ed2?SERVICE=wms&WARNINGS=False&MAXCC=100.0&BBOX=-14.20062882414364%2C-75.64298408105815%2C-14.197876401443217%2C-75.6396578867764&FORMAT=image%2Fpng&CRS=EPSG%3A4326&TIME=2018-04-16T15%3A26%3A49%2F2018-04-16T15%3A26%3A49&WIDTH=512&HEIGHT=437&LAYERS=NDVI&REQUEST=GetMap&VERSION=1.3.0"
}