{
    "headers": {
        "User-Agent": "sentinelhub-py/v3.0.2"
    },
    "payload": null,
    "timestamp": "2020-04-30T11:27:44.343061",
    "url": "https://services.sentinel-hub.com/ogc/wms/4c5ae9e5-c214-40e3-abf5-74cea4ef4ed2?SERVICE=wms&WARNINGS=False&MAXCC=100.0&BBOX=-14.20062882414364%2C-75.64298408105815%2C-14.197876401443217%2C-75.6396578867764&FORMAT=image%2Fpng&CRS=EPSG%3A4326&TIME=2017-09-08T15%3A18%3A57%2F2017-09-08T15%3A18%3A57&WIDTH=512&HEIGHT=437&LAYERS=NDVI&REQUEST=GetMap&VERSION=1.3.0"
}